Year,Country,Region,Happiness Rank,Happiness Score,Economy (GDP per Capita),Social support,Health (Life Expectancy),Freedom,Trust (Government Corruption),Generosity
2015,Brazil,Latin America and Caribbean,16,6.983,0.98124,1.23287,0.69702,0.49049,0.17521,0.14574
2016,Brazil,Latin America and Caribbean,17,6.952,7.029,1.08754,1.03938,0.61415,0.40425,0.15776
2017,Brazil,Latin America and Caribbean,22,6.635000229,1.10735321,1.431306005,0.616552353,0.437453747,0.111092761,0.162349895
2018,Brazil,Latin America and Caribbean,28,6.419,0.986,1.474,0.675,0.493,0.088,0.11
2019,Brazil,Latin America and Caribbean,32,6.3,1.004,1.439,0.802,0.39,0.086,0.099
2020,Brazil,Latin America and Caribbean,33,6.375599861,0.952679873,1.363464117,0.766119063,0.483292729,0.106518604,0.131674588
2021,Brazil,Latin America and Caribbean,35,6.33,1.027845144,0.514313519,0.570778728,0.514313519,0.116669014,0.141625822
